"STATION","NAME","DATE","PRCP","SNOW","TAVG","WT01","WT02","WT03","WT04","WT05","WT06","WT08"
"USW00014739","BOSTON LOGAN INTERNATIONAL AIRPORT, MA US","2024-01-01","0.00","0.0","34",,,,,,,
"USW00014739","BOSTON LOGAN INTERNATIONAL AIRPORT, MA US","2024-01-02","0.00","0.0","31",,,,,,,
"USW00014739","BOSTON LOGAN INTERNATIONAL AIRPORT, MA US","2024-01-03","0.00","0.0","36",,,,,,,
"USW00014739","BOSTON LOGAN INTERNATIONAL AIRPORT, MA US","2024-01-04","0.00","0.0","39",,,,,,,
"USW00014739","BOSTON LOGAN INTERNATIONAL AIRPORT, MA US","2024-01-05","0.00","0.0","27",,,,,,,
"USW00014739","BOSTON LOGAN INTERNATIONAL AIRPORT, MA US","2024-01-06","0.09","0.0","33","    1",,,,,,
"USW00014739","BOSTON LOGAN INTERNATIONAL AIRPORT, MA US","2024-01-07","0.95","3.8","33","    1","    1",,,,,
"USW00014739","BOSTON LOGAN INTERNATIONAL AIRPORT, MA US","2024-01-08","0.00","0.0","29",,,,,,,
"USW00014739","BOSTON LOGAN INTERNATIONAL AIRPORT, MA US","2024-01-09","0.65","0.0","32","    1",,,,,,
"USW00014739","BOSTON LOGAN INTERNATIONAL AIRPORT, MA US","2024-01-10","1.82","0.0","48","    1",,,,,,
"USW00014739","BOSTON LOGAN INTERNATIONAL AIRPORT, MA US","2024-01-11","0.00","0.0","43",,,,,,,
"USW00014739","BOSTON LOGAN INTERNATIONAL AIRPORT, MA US","2024-01-12","0.00","0.0","41",,,,,,,
"USW00014739","BOSTON LOGAN INTERNATIONAL AIRPORT, MA US","2024-01-13","1.44","0.0","47","    1",,,,,,"    1"
"USW00014739","BOSTON LOGAN INTERNATIONAL AIRPORT, MA US","2024-01-14","0.00","0.0","38","    1",,,,,,
"USW00014739","BOSTON LOGAN INTERNATIONAL AIRPORT, MA US","2024-01-15","0.00","0.0","28",,,,,,,
"USW00014739","BOSTON LOGAN INTERNATIONAL AIRPORT, MA US","2024-01-16","0.56","3.5","29","    1",,,"    1",,"    1",
"USW00014739","BOSTON LOGAN INTERNATIONAL AIRPORT, MA US","2024-01-17","0.00","0.0","24",,,,,,,
"USW00014739","BOSTON LOGAN INTERNATIONAL AIRPORT, MA US","2024-01-18","0.00","0.0","22",,,,,,,
"USW00014739","BOSTON LOGAN INTERNATIONAL AIRPORT, MA US","2024-01-19","0.00","0.0","26",,,,,,,
"USW00014739","BOSTON LOGAN INTERNATIONAL AIRPORT, MA US","2024-01-20","0.00","0.4","18","    1",,,,,,
"USW00014739","BOSTON LOGAN INTERNATIONAL AIRPORT, MA US","2024-01-21","0.00","0.0","18",,,,,,,
"USW00014739","BOSTON LOGAN INTERNATIONAL AIRPORT, MA US","2024-01-22","0.00","0.0","26",,,,,,,
"USW00014739","BOSTON LOGAN INTERNATIONAL AIRPORT, MA US","2024-01-23","0.01","0.1","37","    1",,,,,,
"USW00014739","BOSTON LOGAN INTERNATIONAL AIRPORT, MA US","2024-01-24","0.45","0.9","35","    1",,,"    1",,,
"USW00014739","BOSTON LOGAN INTERNATIONAL AIRPORT, MA US","2024-01-25","0.22","0.0","44","    1",,,,,,
"USW00014739","BOSTON LOGAN INTERNATIONAL AIRPORT, MA US","2024-01-26","0.78","0.0","39","    1",,,,,,
"USW00014739","BOSTON LOGAN INTERNATIONAL AIRPORT, MA US","2024-01-27","0.00","0.0","37","    1",,,,,,
"USW00014739","BOSTON LOGAN INTERNATIONAL AIRPORT, MA US","2024-01-28","0.58","0.2","36","    1",,,"    1",,,
"USW00014739","BOSTON LOGAN INTERNATIONAL AIRPORT, MA US","2024-01-29","0.09","0.1","34","    1",,,,,,
"USW00014739","BOSTON LOGAN INTERNATIONAL AIRPORT, MA US","2024-01-30","0.00","0.0","30","    1",,,,,,
"USW00014739","BOSTON LOGAN INTERNATIONAL AIRPORT, MA US","2024-01-31","0.00","0.0","29",,,,,,,
"USW00014739","BOSTON LOGAN INTERNATIONAL AIRPORT, MA US","2024-02-01","0.00","0.0","37",,,,,,,
"USW00014739","BOSTON LOGAN INTERNATIONAL AIRPORT, MA US","2024-02-02","0.07","0.0","40","    1",,,,,,
"USW00014739","BOSTON LOGAN INTERNATIONAL AIRPORT, MA US","2024-02-03","0.00","0.0","35",,,,,,,
"USW00014739","BOSTON LOGAN INTERNATIONAL AIRPORT, MA US","2024-02-04","0.00","0.0","32",,,,,,,
"USW00014739","BOSTON LOGAN INTERNATIONAL AIRPORT, MA US","2024-02-05","0.00","0.0","33",,,,,,,
"USW00014739","BOSTON LOGAN INTERNATIONAL AIRPORT, MA US","2024-02-06","0.00","0.0","33",,,,,,,
"USW00014739","BOSTON LOGAN INTERNATIONAL AIRPORT, MA US","2024-02-07","0.00","0.0","33",,,,,,,
"USW00014739","BOSTON LOGAN INTERNATIONAL AIRPORT, MA US","2024-02-08","0.00","0.0","35",,,,,,,
"USW00014739","BOSTON LOGAN INTERNATIONAL AIRPORT, MA US","2024-02-09","0.00","0.0","36",,,,,,,
"USW00014739","BOSTON LOGAN INTERNATIONAL AIRPORT, MA US","2024-02-10","0.04","0.0","45",,,,,,,
"USW00014739","BOSTON LOGAN INTERNATIONAL AIRPORT, MA US","2024-02-11","0.00","0.0","47",,,,,,,
"USW00014739","BOSTON LOGAN INTERNATIONAL AIRPORT, MA US","2024-02-12","0.00","0.0","40",,,,,,,
"USW00014739","BOSTON LOGAN INTERNATIONAL AIRPORT, MA US","2024-02-13","0.24","0.1","36","    1",,,,,,
"USW00014739","BOSTON LOGAN INTERNATIONAL AIRPORT, MA US","2024-02-14","0.00","0.0","32",,,,,,,
"USW00014739","BOSTON LOGAN INTERNATIONAL AIRPORT, MA US","2024-02-15","0.01","0.4","30","    1",,,,,,
"USW00014739","BOSTON LOGAN INTERNATIONAL AIRPORT, MA US","2024-02-16","0.00","0.0","34",,,,,,,
"USW00014739","BOSTON LOGAN INTERNATIONAL AIRPORT, MA US","2024-02-17","0.00","0.0","31",,,,,,,"    1"
"USW00014739","BOSTON LOGAN INTERNATIONAL AIRPORT, MA US","2024-02-18","0.00","0.0","29",,,,,,,
"USW00014739","BOSTON LOGAN INTERNATIONAL AIRPORT, MA US","2024-02-19","0.00","0.0","33",,,,,,,
"USW00014739","BOSTON LOGAN INTERNATIONAL AIRPORT, MA US","2024-02-20","0.00","0.0","28",,,,,,,
"USW00014739","BOSTON LOGAN INTERNATIONAL AIRPORT, MA US","2024-02-21","0.00","0.0","30",,,,,,,
"USW00014739","BOSTON LOGAN INTERNATIONAL AIRPORT, MA US","2024-02-22","0.01","0.0","32",,,,,,,
"USW00014739","BOSTON LOGAN INTERNATIONAL AIRPORT, MA US","2024-02-23","0.05","0.0","38","    1",,,,,,"    1"
"USW00014739","BOSTON LOGAN INTERNATIONAL AIRPORT, MA US","2024-02-24","0.00","0.0","38","    1",,,,,,
"USW00014739","BOSTON LOGAN INTERNATIONAL AIRPORT, MA US","2024-02-25","0.00","0.0","24",,,,,,,
"USW00014739","BOSTON LOGAN INTERNATIONAL AIRPORT, MA US","2024-02-26","0.00","0.0","39",,,,,,,
"USW00014739","BOSTON LOGAN INTERNATIONAL AIRPORT, MA US","2024-02-27","0.09","0.0","40","    1",,,,,,
"USW00014739","BOSTON LOGAN INTERNATIONAL AIRPORT, MA US","2024-02-28","0.09","0.0","53","    1",,,,,,
"USW00014739","BOSTON LOGAN INTERNATIONAL AIRPORT, MA US","2024-02-29","0.05","0.0","36","    1",,,,,,
"USW00014739","BOSTON LOGAN INTERNATIONAL AIRPORT, MA US","2024-03-01","0.00","0.0","30",,,,,,,
"USW00014739","BOSTON LOGAN INTERNATIONAL AIRPORT, MA US","2024-03-02","1.16","0.0","38","    1",,,,,,
"USW00014739","BOSTON LOGAN INTERNATIONAL AIRPORT, MA US","2024-03-03","0.32","0.0","48","    1","    1",,,,,
"USW00014739","BOSTON LOGAN INTERNATIONAL AIRPORT, MA US","2024-03-04","0.00","0.0","46","    1",,,,,,
"USW00014739","BOSTON LOGAN INTERNATIONAL AIRPORT, MA US","2024-03-05","0.16","0.0","40","    1","    1",,,,,
"USW00014739","BOSTON LOGAN INTERNATIONAL AIRPORT, MA US","2024-03-06","0.37","0.0","44","    1","    1",,,,,
"USW00014739","BOSTON LOGAN INTERNATIONAL AIRPORT, MA US","2024-03-07","1.07","0.0","43","    1",,,,,,
"USW00014739","BOSTON LOGAN INTERNATIONAL AIRPORT, MA US","2024-03-08","0.00","0.0","40",,,,,,,
"USW00014739","BOSTON LOGAN INTERNATIONAL AIRPORT, MA US","2024-03-09","0.19","0.0","37","    1",,,,,,
"USW00014739","BOSTON LOGAN INTERNATIONAL AIRPORT, MA US","2024-03-10","0.92","0.0","45","    1",,,,,,
"USW00014739","BOSTON LOGAN INTERNATIONAL AIRPORT, MA US","2024-03-11","0.00","0.0","39",,,,,,,
"USW00014739","BOSTON LOGAN INTERNATIONAL AIRPORT, MA US","2024-03-12","0.00","0.0","44",,,,,,,
"USW00014739","BOSTON LOGAN INTERNATIONAL AIRPORT, MA US","2024-03-13","0.00","0.0","44",,,,,,,
"USW00014739","BOSTON LOGAN INTERNATIONAL AIRPORT, MA US","2024-03-14","0.00","0.0","43",,,,,,,
"USW00014739","BOSTON LOGAN INTERNATIONAL AIRPORT, MA US","2024-03-15","0.03","0.0","42","    1",,,,,,
"USW00014739","BOSTON LOGAN INTERNATIONAL AIRPORT, MA US","2024-03-16","0.00","0.0","44",,,,,,,
"USW00014739","BOSTON LOGAN INTERNATIONAL AIRPORT, MA US","2024-03-17","0.02","0.0","48","    1",,,,,,
"USW00014739","BOSTON LOGAN INTERNATIONAL AIRPORT, MA US","2024-03-18","0.00","0.0","45",,,,,,,
"USW00014739","BOSTON LOGAN INTERNATIONAL AIRPORT, MA US","2024-03-19","0.00","0.0","40",,,,,,,
"USW00014739","BOSTON LOGAN INTERNATIONAL AIRPORT, MA US","2024-03-20","0.08","0.0","42","    1",,,,,,
"USW00014739","BOSTON LOGAN INTERNATIONAL AIRPORT, MA US","2024-03-21","0.00","0.0","34",,,,,,,
"USW00014739","BOSTON LOGAN INTERNATIONAL AIRPORT, MA US","2024-03-22","0.00","0.0","32",,,,,,,
"USW00014739","BOSTON LOGAN INTERNATIONAL AIRPORT, MA US","2024-03-23","2.28","0.0","38","    1",,,,,,
"USW00014739","BOSTON LOGAN INTERNATIONAL AIRPORT, MA US","2024-03-24","0.00","0.0","34",,,,,,,
"USW00014739","BOSTON LOGAN INTERNATIONAL AIRPORT, MA US","2024-03-25","0.00","0.0","37",,,,,,,
"USW00014739","BOSTON LOGAN INTERNATIONAL AIRPORT, MA US","2024-03-26","0.05","0.0","37","    1",,,,,,"    1"
"USW00014739","BOSTON LOGAN INTERNATIONAL AIRPORT, MA US","2024-03-27","0.08","0.0","42","    1",,,,,,
"USW00014739","BOSTON LOGAN INTERNATIONAL AIRPORT, MA US","2024-03-28","1.67","0.0","46","    1",,,,,,
"USW00014739","BOSTON LOGAN INTERNATIONAL AIRPORT, MA US","2024-03-29","0.54","0.0","45","    1",,,,,,
"USW00014739","BOSTON LOGAN INTERNATIONAL AIRPORT, MA US","2024-03-30","0.00","0.0","46",,,,,,,
"USW00014739","BOSTON LOGAN INTERNATIONAL AIRPORT, MA US","2024-03-31","0.00","0.0","49",,,,,,,
"USW00014739","BOSTON LOGAN INTERNATIONAL AIRPORT, MA US","2024-04-01","0.00","0.0","45",,,,,,,
"USW00014739","BOSTON LOGAN INTERNATIONAL AIRPORT, MA US","2024-04-02","0.02","0.0","43","    1",,,,,,
"USW00014739","BOSTON LOGAN INTERNATIONAL AIRPORT, MA US","2024-04-03","0.60","0.0","41","    1",,,"    1",,,
"USW00014739","BOSTON LOGAN INTERNATIONAL AIRPORT, MA US","2024-04-04","0.94","0.1","37","    1",,,"    1",,,
"USW00014739","BOSTON LOGAN INTERNATIONAL AIRPORT, MA US","2024-04-05","0.00","0.0","39",,,,,,,
"USW00014739","BOSTON LOGAN INTERNATIONAL AIRPORT, MA US","2024-04-06","0.04","0.0","41","    1",,,,,,
"USW00014739","BOSTON LOGAN INTERNATIONAL AIRPORT, MA US","2024-04-07","0.00","0.0","40",,,,,,,
"USW00014739","BOSTON LOGAN INTERNATIONAL AIRPORT, MA US","2024-04-08","0.00","0.0","49",,,,,,,
"USW00014739","BOSTON LOGAN INTERNATIONAL AIRPORT, MA US","2024-04-09","0.00","0.0","54",,,,,,,
"USW00014739","BOSTON LOGAN INTERNATIONAL AIRPORT, MA US","2024-04-10","0.00","0.0","47","    1",,,,,,
"USW00014739","BOSTON LOGAN INTERNATIONAL AIRPORT, MA US","2024-04-11","0.05","0.0","46","    1","    1",,,,,
"USW00014739","BOSTON LOGAN INTERNATIONAL AIRPORT, MA US","2024-04-12","0.74","0.0","55","    1",,,,,,
"USW00014739","BOSTON LOGAN INTERNATIONAL AIRPORT, MA US","2024-04-13","0.00","0.0","51",,,,,,,
"USW00014739","BOSTON LOGAN INTERNATIONAL AIRPORT, MA US","2024-04-14","0.04","0.0","51",,,,,,,"    1"
"USW00014739","BOSTON LOGAN INTERNATIONAL AIRPORT, MA US","2024-04-15","0.00","0.0","56",,,,,,,
"USW00014739","BOSTON LOGAN INTERNATIONAL AIRPORT, MA US","2024-04-16","0.00","0.0","58",,,,,,,
"USW00014739","BOSTON LOGAN INTERNATIONAL AIRPORT, MA US","2024-04-17","0.00","0.0","49",,,,,,,
"USW00014739","BOSTON LOGAN INTERNATIONAL AIRPORT, MA US","2024-04-18","0.15","0.0","46","    1",,,,,,
"USW00014739","BOSTON LOGAN INTERNATIONAL AIRPORT, MA US","2024-04-19","0.00","0.0","47",,,,,,,
"USW00014739","BOSTON LOGAN INTERNATIONAL AIRPORT, MA US","2024-04-20","0.29","0.0","51","    1",,,,,,
"USW00014739","BOSTON LOGAN INTERNATIONAL AIRPORT, MA US","2024-04-21","0.00","0.0","48",,,,,,,
"USW00014739","BOSTON LOGAN INTERNATIONAL AIRPORT, MA US","2024-04-22","0.00","0.0","48",,,,,,,
"USW00014739","BOSTON LOGAN INTERNATIONAL AIRPORT, MA US","2024-04-23","0.00","0.0","48","    1",,,,,,
"USW00014739","BOSTON LOGAN INTERNATIONAL AIRPORT, MA US","2024-04-24","0.00","0.0","51",,,,,,,
"USW00014739","BOSTON LOGAN INTERNATIONAL AIRPORT, MA US","2024-04-25","0.00","0.0","42",,,,,,,
"USW00014739","BOSTON LOGAN INTERNATIONAL AIRPORT, MA US","2024-04-26","0.00","0.0","45",,,,,,,
"USW00014739","BOSTON LOGAN INTERNATIONAL AIRPORT, MA US","2024-04-27","0.00","0.0","49",,,,,,,
"USW00014739","BOSTON LOGAN INTERNATIONAL AIRPORT, MA US","2024-04-28","0.00","0.0","54",,,,,,,
"USW00014739","BOSTON LOGAN INTERNATIONAL AIRPORT, MA US","2024-04-29","0.00","0.0","59",,,,,,,
"USW00014739","BOSTON LOGAN INTERNATIONAL AIRPORT, MA US","2024-04-30","0.09","0.0","51","    1",,"    1",,,,
"USW00014739","BOSTON LOGAN INTERNATIONAL AIRPORT, MA US","2024-05-01","0.05","0.0","47","    1",,,,,,
"USW00014739","BOSTON LOGAN INTERNATIONAL AIRPORT, MA US","2024-05-02","0.10","0.0","53","    1",,"    1",,,,
"USW00014739","BOSTON LOGAN INTERNATIONAL AIRPORT, MA US","2024-05-03","0.00","0.0","49",,,,,,,
"USW00014739","BOSTON LOGAN INTERNATIONAL AIRPORT, MA US","2024-05-04","0.00","0.0","50",,,,,,,
"USW00014739","BOSTON LOGAN INTERNATIONAL AIRPORT, MA US","2024-05-05","0.45","0.0","48","    1",,,,,,
"USW00014739","BOSTON LOGAN INTERNATIONAL AIRPORT, MA US","2024-05-06","0.04","0.0","58","    1",,,,,,
"USW00014739","BOSTON LOGAN INTERNATIONAL AIRPORT, MA US","2024-05-07","0.00","0.0","65",,,,,,,
"USW00014739","BOSTON LOGAN INTERNATIONAL AIRPORT, MA US","2024-05-08","0.69","0.0","56","    1",,"    1",,,,
"USW00014739","BOSTON LOGAN INTERNATIONAL AIRPORT, MA US","2024-05-09","0.00","0.0","55","    1",,,,,,
"USW00014739","BOSTON LOGAN INTERNATIONAL AIRPORT, MA US","2024-05-10","0.00","0.0","50",,,,,,,
"USW00014739","BOSTON LOGAN INTERNATIONAL AIRPORT, MA US","2024-05-11","0.00","0.0","48",,,,,,,
"USW00014739","BOSTON LOGAN INTERNATIONAL AIRPORT, MA US","2024-05-12","0.00","0.0","50",,,,,,,
"USW00014739","BOSTON LOGAN INTERNATIONAL AIRPORT, MA US","2024-05-13","0.00","0.0","56",,,,,,,
"USW00014739","BOSTON LOGAN INTERNATIONAL AIRPORT, MA US","2024-05-14","0.00","0.0","62",,,,,,,
"USW00014739","BOSTON LOGAN INTERNATIONAL AIRPORT, MA US","2024-05-15","0.30","0.0","64","    1",,,,,,
"USW00014739","BOSTON LOGAN INTERNATIONAL AIRPORT, MA US","2024-05-16","0.40","0.0","56","    1",,,,,,
"USW00014739","BOSTON LOGAN INTERNATIONAL AIRPORT, MA US","2024-05-17","0.00","0.0","57",,,,,,,
"USW00014739","BOSTON LOGAN INTERNATIONAL AIRPORT, MA US","2024-05-18","0.61","0.0","56","    1",,,,,,
"USW00014739","BOSTON LOGAN INTERNATIONAL AIRPORT, MA US","2024-05-19","0.08","0.0","54","    1",,,,,,
"USW00014739","BOSTON LOGAN INTERNATIONAL AIRPORT, MA US","2024-05-20","0.00","0.0","55",,,,,,,
"USW00014739","BOSTON LOGAN INTERNATIONAL AIRPORT, MA US","2024-05-21","0.00","0.0","64","    1",,,,,,
"USW00014739","BOSTON LOGAN INTERNATIONAL AIRPORT, MA US","2024-05-22","0.00","0.0","74",,,,,,,
"USW00014739","BOSTON LOGAN INTERNATIONAL AIRPORT, MA US","2024-05-23","0.09","0.0","71","    1",,"    1",,,,
"USW00014739","BOSTON LOGAN INTERNATIONAL AIRPORT, MA US","2024-05-24","0.00","0.0","75",,,,,,,
"USW00014739","BOSTON LOGAN INTERNATIONAL AIRPORT, MA US","2024-05-25","0.00","0.0","67",,,,,,,
"USW00014739","BOSTON LOGAN INTERNATIONAL AIRPORT, MA US","2024-05-26","0.12","0.0","64","    1",,"    1",,,,
"USW00014739","BOSTON LOGAN INTERNATIONAL AIRPORT, MA US","2024-05-27","0.26","0.0","63","    1","    1",,,,,"    1"
"USW00014739","BOSTON LOGAN INTERNATIONAL AIRPORT, MA US","2024-05-28","0.14","0.0","73","    1",,,,,,
"USW00014739","BOSTON LOGAN INTERNATIONAL AIRPORT, MA US","2024-05-29","0.00","0.0","69",,,,,,,
"USW00014739","BOSTON LOGAN INTERNATIONAL AIRPORT, MA US","2024-05-30","1.49","0.0","58","    1",,"    1",,,,
"USW00014739","BOSTON LOGAN INTERNATIONAL AIRPORT, MA US","2024-05-31","0.00","0.0","64",,,,,,,
"USW00014739","BOSTON LOGAN INTERNATIONAL AIRPORT, MA US","2024-06-01","0.00","0.0","69",,,,,,,
"USW00014739","BOSTON LOGAN INTERNATIONAL AIRPORT, MA US","2024-06-02","0.00","0.0","67",,,,,,,
"USW00014739","BOSTON LOGAN INTERNATIONAL AIRPORT, MA US","2024-06-03","0.00","0.0","70",,,,,,,
"USW00014739","BOSTON LOGAN INTERNATIONAL AIRPORT, MA US","2024-06-04","0.00","0.0","62",,,,,,,
"USW00014739","BOSTON LOGAN INTERNATIONAL AIRPORT, MA US","2024-06-05","0.00","0.0","70",,,,,,,
"USW00014739","BOSTON LOGAN INTERNATIONAL AIRPORT, MA US","2024-06-06","0.00","0.0","69","    1","    1",,,,,
"USW00014739","BOSTON LOGAN INTERNATIONAL AIRPORT, MA US","2024-06-07","0.04","0.0","65","    1",,,,,,
"USW00014739","BOSTON LOGAN INTERNATIONAL AIRPORT, MA US","2024-06-08","0.00","0.0","67",,,,,,,
"USW00014739","BOSTON LOGAN INTERNATIONAL AIRPORT, MA US","2024-06-09","0.23","0.0","65","    1",,,,,,
"USW00014739","BOSTON LOGAN INTERNATIONAL AIRPORT, MA US","2024-06-10","0.00","0.0","67",,,,,,,
"USW00014739","BOSTON LOGAN INTERNATIONAL AIRPORT, MA US","2024-06-11","0.00","0.0","65",,,,,,,
"USW00014739","BOSTON LOGAN INTERNATIONAL AIRPORT, MA US","2024-06-12","0.00","0.0","67",,,,,,,
"USW00014739","BOSTON LOGAN INTERNATIONAL AIRPORT, MA US","2024-06-13","0.00","0.0","72",,,,,,,
"USW00014739","BOSTON LOGAN INTERNATIONAL AIRPORT, MA US","2024-06-14","0.54","0.0","72","    1",,"    1",,,,
"USW00014739","BOSTON LOGAN INTERNATIONAL AIRPORT, MA US","2024-06-15","0.03","0.0","71","    1",,,,,,
"USW00014739","BOSTON LOGAN INTERNATIONAL AIRPORT, MA US","2024-06-16","0.00","0.0","64",,,,,,,
"USW00014739","BOSTON LOGAN INTERNATIONAL AIRPORT, MA US","2024-06-17","0.00","0.0","69",,,,,,,
"USW00014739","BOSTON LOGAN INTERNATIONAL AIRPORT, MA US","2024-06-18","0.00","0.0","77",,,,,,,
"USW00014739","BOSTON LOGAN INTERNATIONAL AIRPORT, MA US","2024-06-19","0.00","0.0","82",,,,,,,
"USW00014739","BOSTON LOGAN INTERNATIONAL AIRPORT, MA US","2024-06-20","0.29","0.0","84","    1",,"    1",,,,
"USW00014739","BOSTON LOGAN INTERNATIONAL AIRPORT, MA US","2024-06-21","0.48","0.0","75","    1",,"    1",,,,
"USW00014739","BOSTON LOGAN INTERNATIONAL AIRPORT, MA US","2024-06-22","0.18","0.0","65","    1",,,,,,
"USW00014739","BOSTON LOGAN INTERNATIONAL AIRPORT, MA US","2024-06-23","0.08","0.0","70","    1","    1",,,,,
"USW00014739","BOSTON LOGAN INTERNATIONAL AIRPORT, MA US","2024-06-24","0.10","0.0","77","    1",,,,,,
"USW00014739","BOSTON LOGAN INTERNATIONAL AIRPORT, MA US","2024-06-25","0.00","0.0","76",,,,,,,
"USW00014739","BOSTON LOGAN INTERNATIONAL AIRPORT, MA US","2024-06-26","1.97","0.0","80","    1",,"    1",,,,
"USW00014739","BOSTON LOGAN INTERNATIONAL AIRPORT, MA US","2024-06-27","0.08","0.0","74","    1",,"    1",,,,
"USW00014739","BOSTON LOGAN INTERNATIONAL AIRPORT, MA US","2024-06-28","0.00","0.0","67",,,,,,,
"USW00014739","BOSTON LOGAN INTERNATIONAL AIRPORT, MA US","2024-06-29","0.00","0.0","67",,,,,,,
"USW00014739","BOSTON LOGAN INTERNATIONAL AIRPORT, MA US","2024-06-30","0.02","0.0","77",,,"    1",,,,
"USW00014739","BOSTON LOGAN INTERNATIONAL AIRPORT, MA US","2024-07-01","0.16","0.0","72","    1",,"    1",,,,
"USW00014739","BOSTON LOGAN INTERNATIONAL AIRPORT, MA US","2024-07-02","0.00","0.0","72",,,,,,,
"USW00014739","BOSTON LOGAN INTERNATIONAL AIRPORT, MA US","2024-07-03","0.00","0.0","73",,,,,,,
"USW00014739","BOSTON LOGAN INTERNATIONAL AIRPORT, MA US","2024-07-04","0.00","0.0","74",,,,,,,
"USW00014739","BOSTON LOGAN INTERNATIONAL AIRPORT, MA US","2024-07-05","0.38","0.0","74","    1",,,,,,
"USW00014739","BOSTON LOGAN INTERNATIONAL AIRPORT, MA US","2024-07-06","0.00","0.0","76","    1",,,,,,
"USW00014739","BOSTON LOGAN INTERNATIONAL AIRPORT, MA US","2024-07-07","0.00","0.0","78","    1",,,,,,
"USW00014739","BOSTON LOGAN INTERNATIONAL AIRPORT, MA US","2024-07-08","0.00","0.0","76",,,,,,,
"USW00014739","BOSTON LOGAN INTERNATIONAL AIRPORT, MA US","2024-07-09","0.00","0.0","80",,,,,,,
"USW00014739","BOSTON LOGAN INTERNATIONAL AIRPORT, MA US","2024-07-10","0.00","0.0","81","    1",,,,,,
"USW00014739","BOSTON LOGAN INTERNATIONAL AIRPORT, MA US","2024-07-11","0.00","0.0","80",,,,,,,
"USW00014739","BOSTON LOGAN INTERNATIONAL AIRPORT, MA US","2024-07-12","0.03","0.0","79","    1",,,,,,"    1"
"USW00014739","BOSTON LOGAN INTERNATIONAL AIRPORT, MA US","2024-07-13","0.30","0.0","78","    1",,,,,,
"USW00014739","BOSTON LOGAN INTERNATIONAL AIRPORT, MA US","2024-07-14","0.00","0.0","78",,,,,,,
"USW00014739","BOSTON LOGAN INTERNATIONAL AIRPORT, MA US","2024-07-15","0.04","0.0","81",,,"    1",,,,
"USW00014739","BOSTON LOGAN INTERNATIONAL AIRPORT, MA US","2024-07-16","0.00","0.0","82",,,,,,,
"USW00014739","BOSTON LOGAN INTERNATIONAL AIRPORT, MA US","2024-07-17","0.02","0.0","83",,,"    1",,,,
"USW00014739","BOSTON LOGAN INTERNATIONAL AIRPORT, MA US","2024-07-18","0.20","0.0","80","    1",,"    1",,,,
"USW00014739","BOSTON LOGAN INTERNATIONAL AIRPORT, MA US","2024-07-19","0.00","0.0","74",,,,,,,
"USW00014739","BOSTON LOGAN INTERNATIONAL AIRPORT, MA US","2024-07-20","0.00","0.0","77",,,,,,,
"USW00014739","BOSTON LOGAN INTERNATIONAL AIRPORT, MA US","2024-07-21","0.00","0.0","76",,,,,,,
"USW00014739","BOSTON LOGAN INTERNATIONAL AIRPORT, MA US","2024-07-22","0.01","0.0","70",,,,,,,
"USW00014739","BOSTON LOGAN INTERNATIONAL AIRPORT, MA US","2024-07-23","0.01","0.0","72","    1",,,,,,
"USW00014739","BOSTON LOGAN INTERNATIONAL AIRPORT, MA US","2024-07-24","0.01","0.0","67","    1","    1",,,,,
"USW00014739","BOSTON LOGAN INTERNATIONAL AIRPORT, MA US","2024-07-25","0.00","0.0","70","    1","    1","    1",,,,
"USW00014739","BOSTON LOGAN INTERNATIONAL AIRPORT, MA US","2024-07-26","0.00","0.0","75",,,,,,,
"USW00014739","BOSTON LOGAN INTERNATIONAL AIRPORT, MA US","2024-07-27","0.00","0.0","75",,,,,,,
"USW00014739","BOSTON LOGAN INTERNATIONAL AIRPORT, MA US","2024-07-28","0.00","0.0","69","    1",,,,,,"    1"
"USW00014739","BOSTON LOGAN INTERNATIONAL AIRPORT, MA US","2024-07-29","0.03","0.0","69","    1",,,,,,
"USW00014739","BOSTON LOGAN INTERNATIONAL AIRPORT, MA US","2024-07-30","0.00","0.0","77",,,,,,,
"USW00014739","BOSTON LOGAN INTERNATIONAL AIRPORT, MA US","2024-07-31","0.20","0.0","76","    1",,"    1",,,,
"USW00014739","BOSTON LOGAN INTERNATIONAL AIRPORT, MA US","2024-08-01","0.00","0.0","82",,,,,,,
"USW00014739","BOSTON LOGAN INTERNATIONAL AIRPORT, MA US","2024-08-02","0.83","0.0","82","    1",,"    1",,,,
"USW00014739","BOSTON LOGAN INTERNATIONAL AIRPORT, MA US","2024-08-03","0.00","0.0","80","    1",,,,,,
"USW00014739","BOSTON LOGAN INTERNATIONAL AIRPORT, MA US","2024-08-04","0.36","0.0","79","    1",,"    1",,,,"    1"
"USW00014739","BOSTON LOGAN INTERNATIONAL AIRPORT, MA US","2024-08-05","0.00","0.0","76",,,,,,,
"USW00014739","BOSTON LOGAN INTERNATIONAL AIRPORT, MA US","2024-08-06","0.61","0.0","72","    1",,,,,,
"USW00014739","BOSTON LOGAN INTERNATIONAL AIRPORT, MA US","2024-08-07","0.21","0.0","64","    1",,,,,,
"USW00014739","BOSTON LOGAN INTERNATIONAL AIRPORT, MA US","2024-08-08","0.22","0.0","65","    1",,,,,,
"USW00014739","BOSTON LOGAN INTERNATIONAL AIRPORT, MA US","2024-08-09","0.32","0.0","70","    1","    1",,,,,
"USW00014739","BOSTON LOGAN INTERNATIONAL AIRPORT, MA US","2024-08-10","0.11","0.0","80","    1",,,,,,
"USW00014739","BOSTON LOGAN INTERNATIONAL AIRPORT, MA US","2024-08-11","0.00","0.0","76",,,,,,,
"USW00014739","BOSTON LOGAN INTERNATIONAL AIRPORT, MA US","2024-08-12","0.00","0.0","72",,,,,,,
"USW00014739","BOSTON LOGAN INTERNATIONAL AIRPORT, MA US","2024-08-13","0.00","0.0","72",,,,,,,
"USW00014739","BOSTON LOGAN INTERNATIONAL AIRPORT, MA US","2024-08-14","0.00","0.0","73",,,,,,,
"USW00014739","BOSTON LOGAN INTERNATIONAL AIRPORT, MA US","2024-08-15","0.89","0.0","71","    1",,"    1",,,,"    1"
"USW00014739","BOSTON LOGAN INTERNATIONAL AIRPORT, MA US","2024-08-16","0.00","0.0","68","    1",,,,,,"    1"
"USW00014739","BOSTON LOGAN INTERNATIONAL AIRPORT, MA US","2024-08-17","0.00","0.0","66","    1",,,,,,"    1"
"USW00014739","BOSTON LOGAN INTERNATIONAL AIRPORT, MA US","2024-08-18","0.03","0.0","67","    1",,,,,,
"USW00014739","BOSTON LOGAN INTERNATIONAL AIRPORT, MA US","2024-08-19","0.11","0.0","69","    1",,"    1",,,,
"USW00014739","BOSTON LOGAN INTERNATIONAL AIRPORT, MA US","2024-08-20","0.01","0.0","67",,,,,,,
"USW00014739","BOSTON LOGAN INTERNATIONAL AIRPORT, MA US","2024-08-21","0.00","0.0","65",,,,,,,
"USW00014739","BOSTON LOGAN INTERNATIONAL AIRPORT, MA US","2024-08-22","0.00","0.0","66",,,,,,,
"USW00014739","BOSTON LOGAN INTERNATIONAL AIRPORT, MA US","2024-08-23","0.00","0.0","71",,,,,,,
"USW00014739","BOSTON LOGAN INTERNATIONAL AIRPORT, MA US","2024-08-24","0.00","0.0","72",,,,,,,
"USW00014739","BOSTON LOGAN INTERNATIONAL AIRPORT, MA US","2024-08-25","0.00","0.0","72",,,,,,,
"USW00014739","BOSTON LOGAN INTERNATIONAL AIRPORT, MA US","2024-08-26","0.00","0.0","70",,,,,,,
"USW00014739","BOSTON LOGAN INTERNATIONAL AIRPORT, MA US","2024-08-27","0.00","0.0","69","    1",,,,,,
"USW00014739","BOSTON LOGAN INTERNATIONAL AIRPORT, MA US","2024-08-28","0.00","0.0","78",,,,,,,
"USW00014739","BOSTON LOGAN INTERNATIONAL AIRPORT, MA US","2024-08-29","0.00","0.0","67",,,,,,,
"USW00014739","BOSTON LOGAN INTERNATIONAL AIRPORT, MA US","2024-08-30","0.00","0.0","64",,,,,,,
"USW00014739","BOSTON LOGAN INTERNATIONAL AIRPORT, MA US","2024-08-31","0.00","0.0","68",,,,,,,
"USW00014739","BOSTON LOGAN INTERNATIONAL AIRPORT, MA US","2024-09-01","0.00","0.0","75",,,,,,,
"USW00014739","BOSTON LOGAN INTERNATIONAL AIRPORT, MA US","2024-09-02","0.00","0.0","72",,,,,,,
"USW00014739","BOSTON LOGAN INTERNATIONAL AIRPORT, MA US","2024-09-03","0.00","0.0","65",,,,,,,
"USW00014739","BOSTON LOGAN INTERNATIONAL AIRPORT, MA US","2024-09-04","0.00","0.0","69",,,,,,,
"USW00014739","BOSTON LOGAN INTERNATIONAL AIRPORT, MA US","2024-09-05","0.00","0.0","67",,,,,,,
"USW00014739","BOSTON LOGAN INTERNATIONAL AIRPORT, MA US","2024-09-06","0.00","0.0","66",,,,,,,
"USW00014739","BOSTON LOGAN INTERNATIONAL AIRPORT, MA US","2024-09-07","0.00","0.0","67",,,,,,,
"USW00014739","BOSTON LOGAN INTERNATIONAL AIRPORT, MA US","2024-09-08","0.00","0.0","64",,,,,,,
"USW00014739","BOSTON LOGAN INTERNATIONAL AIRPORT, MA US","2024-09-09","0.00","0.0","65",,,,,,,
"USW00014739","BOSTON LOGAN INTERNATIONAL AIRPORT, MA US","2024-09-10","0.00","0.0","69",,,,,,,
"USW00014739","BOSTON LOGAN INTERNATIONAL AIRPORT, MA US","2024-09-11","0.00","0.0","67",,,,,,,
"USW00014739","BOSTON LOGAN INTERNATIONAL AIRPORT, MA US","2024-09-12","0.00","0.0","68",,,,,,,
"USW00014739","BOSTON LOGAN INTERNATIONAL AIRPORT, MA US","2024-09-13","0.00","0.0","70",,,,,,,
"USW00014739","BOSTON LOGAN INTERNATIONAL AIRPORT, MA US","2024-09-14","0.00","0.0","69",,,,,,,
"USW00014739","BOSTON LOGAN INTERNATIONAL AIRPORT, MA US","2024-09-15","0.00","0.0","67",,,,,,,
"USW00014739","BOSTON LOGAN INTERNATIONAL AIRPORT, MA US","2024-09-16","0.00","0.0","66",,,,,,,
"USW00014739","BOSTON LOGAN INTERNATIONAL AIRPORT, MA US","2024-09-17","0.00","0.0","67",,,,,,,
"USW00014739","BOSTON LOGAN INTERNATIONAL AIRPORT, MA US","2024-09-18","0.00","0.0","65","    1","    1",,,,,
"USW00014739","BOSTON LOGAN INTERNATIONAL AIRPORT, MA US","2024-09-19","0.01","0.0","66","    1","    1",,,,,
"USW00014739","BOSTON LOGAN INTERNATIONAL AIRPORT, MA US","2024-09-20","0.05","0.0","64","    1",,,,,,"    1"
"USW00014739","BOSTON LOGAN INTERNATIONAL AIRPORT, MA US","2024-09-21","0.90","0.0","59","    1",,,,,,
"USW00014739","BOSTON LOGAN INTERNATIONAL AIRPORT, MA US","2024-09-22","0.01","0.0","60",,,,,,,
"USW00014739","BOSTON LOGAN INTERNATIONAL AIRPORT, MA US","2024-09-23","0.00","0.0","60",,,,,,,
"USW00014739","BOSTON LOGAN INTERNATIONAL AIRPORT, MA US","2024-09-24","0.00","0.0","60",,,,,,,
"USW00014739","BOSTON LOGAN INTERNATIONAL AIRPORT, MA US","2024-09-25","0.00","0.0","62",,,,,,,
"USW00014739","BOSTON LOGAN INTERNATIONAL AIRPORT, MA US","2024-09-26","0.36","0.0","63",,,,,,,
"USW00014739","BOSTON LOGAN INTERNATIONAL AIRPORT, MA US","2024-09-27","0.00","0.0","67",,,,,,,
"USW00014739","BOSTON LOGAN INTERNATIONAL AIRPORT, MA US","2024-09-28","0.00","0.0","63","    1",,,,,,
"USW00014739","BOSTON LOGAN INTERNATIONAL AIRPORT, MA US","2024-09-29","0.00","0.0","61",,,,,,,
"USW00014739","BOSTON LOGAN INTERNATIONAL AIRPORT, MA US","2024-09-30","0.00","0.0","61",,,,,,,
"USW00014739","BOSTON LOGAN INTERNATIONAL AIRPORT, MA US","2024-10-01","0.00","0.0","62","    1",,,,,,
"USW00014739","BOSTON LOGAN INTERNATIONAL AIRPORT, MA US","2024-10-02","0.00","0.0","60",,,,,,,
"USW00014739","BOSTON LOGAN INTERNATIONAL AIRPORT, MA US","2024-10-03","0.00","0.0","61",,,,,,,
"USW00014739","BOSTON LOGAN INTERNATIONAL AIRPORT, MA US","2024-10-04","0.00","0.0","63",,,,,,,
"USW00014739","BOSTON LOGAN INTERNATIONAL AIRPORT, MA US","2024-10-05","0.00","0.0","63",,,,,,,
"USW00014739","BOSTON LOGAN INTERNATIONAL AIRPORT, MA US","2024-10-06","0.00","0.0","57",,,,,,,
"USW00014739","BOSTON LOGAN INTERNATIONAL AIRPORT, MA US","2024-10-07","0.40","0.0","57","    1",,,,,,
"USW00014739","BOSTON LOGAN INTERNATIONAL AIRPORT, MA US","2024-10-08","0.00","0.0","58",,,,,,,
"USW00014739","BOSTON LOGAN INTERNATIONAL AIRPORT, MA US","2024-10-09","0.00","0.0","57",,,,,,,"    1"
"USW00014739","BOSTON LOGAN INTERNATIONAL AIRPORT, MA US","2024-10-10","0.00","0.0","53",,,,,,,
"USW00014739","BOSTON LOGAN INTERNATIONAL AIRPORT, MA US","2024-10-11","0.00","0.0","56",,,,,,,
"USW00014739","BOSTON LOGAN INTERNATIONAL AIRPORT, MA US","2024-10-12","0.00","0.0","63",,,,,,,
"USW00014739","BOSTON LOGAN INTERNATIONAL AIRPORT, MA US","2024-10-13","0.09","0.0","51","    1",,,,,,
"USW00014739","BOSTON LOGAN INTERNATIONAL AIRPORT, MA US","2024-10-14","0.20","0.0","51","    1",,,,,,
"USW00014739","BOSTON LOGAN INTERNATIONAL AIRPORT, MA US","2024-10-15","0.00","0.0","48",,,,,,,"    1"
"USW00014739","BOSTON LOGAN INTERNATIONAL AIRPORT, MA US","2024-10-16","0.00","0.0","49",,,,,,,
"USW00014739","BOSTON LOGAN INTERNATIONAL AIRPORT, MA US","2024-10-17","0.00","0.0","47",,,,,,,
"USW00014739","BOSTON LOGAN INTERNATIONAL AIRPORT, MA US","2024-10-18","0.00","0.0","51",,,,,,,
"USW00014739","BOSTON LOGAN INTERNATIONAL AIRPORT, MA US","2024-10-19","0.00","0.0","55",,,,,,,
"USW00014739","BOSTON LOGAN INTERNATIONAL AIRPORT, MA US","2024-10-20","0.00","0.0","60",,,,,,,
"USW00014739","BOSTON LOGAN INTERNATIONAL AIRPORT, MA US","2024-10-21","0.00","0.0","66",,,,,,,
"USW00014739","BOSTON LOGAN INTERNATIONAL AIRPORT, MA US","2024-10-22","0.00","0.0","65",,,,,,,
"USW00014739","BOSTON LOGAN INTERNATIONAL AIRPORT, MA US","2024-10-23","0.00","0.0","62","    1",,,,,,
"USW00014739","BOSTON LOGAN INTERNATIONAL AIRPORT, MA US","2024-10-24","0.00","0.0","64",,,,,,,
"USW00014739","BOSTON LOGAN INTERNATIONAL AIRPORT, MA US","2024-10-25","0.00","0.0","52",,,,,,,
"USW00014739","BOSTON LOGAN INTERNATIONAL AIRPORT, MA US","2024-10-26","0.00","0.0","57",,,,,,,
"USW00014739","BOSTON LOGAN INTERNATIONAL AIRPORT, MA US","2024-10-27","0.00","0.0","49",,,,,,,
"USW00014739","BOSTON LOGAN INTERNATIONAL AIRPORT, MA US","2024-10-28","0.00","0.0","45",,,,,,,"    1"
"USW00014739","BOSTON LOGAN INTERNATIONAL AIRPORT, MA US","2024-10-29","0.04","0.0","47",,,,,,,
"USW00014739","BOSTON LOGAN INTERNATIONAL AIRPORT, MA US","2024-10-30","0.18","0.0","55","    1",,,,,,
"USW00014739","BOSTON LOGAN INTERNATIONAL AIRPORT, MA US","2024-10-31","0.00","0.0","66",,,,,,,
"USW00014739","BOSTON LOGAN INTERNATIONAL AIRPORT, MA US","2024-11-01","0.00","0.0","69",,,,,,,
"USW00014739","BOSTON LOGAN INTERNATIONAL AIRPORT, MA US","2024-11-02","0.00","0.0","54",,,,,,,
"USW00014739","BOSTON LOGAN INTERNATIONAL AIRPORT, MA US","2024-11-03","0.00","0.0","42",,,,,,,
"USW00014739","BOSTON LOGAN INTERNATIONAL AIRPORT, MA US","2024-11-04","0.00","0.0","43",,,,,,,
"USW00014739","BOSTON LOGAN INTERNATIONAL AIRPORT, MA US","2024-11-05","0.00","0.0","59",,,,,,,
"USW00014739","BOSTON LOGAN INTERNATIONAL AIRPORT, MA US","2024-11-06","0.00","0.0","70",,,,,,,
"USW00014739","BOSTON LOGAN INTERNATIONAL AIRPORT, MA US","2024-11-07","0.00","0.0","67",,,,,,,
"USW00014739","BOSTON LOGAN INTERNATIONAL AIRPORT, MA US","2024-11-08","0.01","0.0","55",,,,,,,
"USW00014739","BOSTON LOGAN INTERNATIONAL AIRPORT, MA US","2024-11-09","0.00","0.0","48",,,,,,,
"USW00014739","BOSTON LOGAN INTERNATIONAL AIRPORT, MA US","2024-11-10","0.01","0.0","46",,,,,,,
"USW00014739","BOSTON LOGAN INTERNATIONAL AIRPORT, MA US","2024-11-11","0.08","0.0","59","    1",,,,,,
"USW00014739","BOSTON LOGAN INTERNATIONAL AIRPORT, MA US","2024-11-12","0.00","0.0","53",,,,,,,
"USW00014739","BOSTON LOGAN INTERNATIONAL AIRPORT, MA US","2024-11-13","0.00","0.0","39",,,,,,,
"USW00014739","BOSTON LOGAN INTERNATIONAL AIRPORT, MA US","2024-11-14","0.00","0.0","38",,,,,,,
"USW00014739","BOSTON LOGAN INTERNATIONAL AIRPORT, MA US","2024-11-15","0.00","0.0","44",,,,,,,
"USW00014739","BOSTON LOGAN INTERNATIONAL AIRPORT, MA US","2024-11-16","0.00","0.0","52",,,,,,,
"USW00014739","BOSTON LOGAN INTERNATIONAL AIRPORT, MA US","2024-11-17","0.00","0.0","53",,,,,,,
"USW00014739","BOSTON LOGAN INTERNATIONAL AIRPORT, MA US","2024-11-18","0.00","0.0","53",,,,,,,
"USW00014739","BOSTON LOGAN INTERNATIONAL AIRPORT, MA US","2024-11-19","0.00","0.0","51",,,,,,,
"USW00014739","BOSTON LOGAN INTERNATIONAL AIRPORT, MA US","2024-11-20","0.00","0.0","46",,,,,,,
"USW00014739","BOSTON LOGAN INTERNATIONAL AIRPORT, MA US","2024-11-21","0.68","0.0","47","    1",,,,,,
"USW00014739","BOSTON LOGAN INTERNATIONAL AIRPORT, MA US","2024-11-22","0.71","0.0","48","    1",,,,,,
"USW00014739","BOSTON LOGAN INTERNATIONAL AIRPORT, MA US","2024-11-23","0.81","0.0","45","    1",,,,,,
"USW00014739","BOSTON LOGAN INTERNATIONAL AIRPORT, MA US","2024-11-24","0.00","0.0","46",,,,,,,
"USW00014739","BOSTON LOGAN INTERNATIONAL AIRPORT, MA US","2024-11-25","0.00","0.0","44",,,,,,,
"USW00014739","BOSTON LOGAN INTERNATIONAL AIRPORT, MA US","2024-11-26","0.33","0.0","42","    1",,,,,,
"USW00014739","BOSTON LOGAN INTERNATIONAL AIRPORT, MA US","2024-11-27","0.00","0.0","44",,,,,,,
"USW00014739","BOSTON LOGAN INTERNATIONAL AIRPORT, MA US","2024-11-28","0.73","0.0","44","    1",,,,,,
"USW00014739","BOSTON LOGAN INTERNATIONAL AIRPORT, MA US","2024-11-29","0.00","0.0","41",,,,,,,
"USW00014739","BOSTON LOGAN INTERNATIONAL AIRPORT, MA US","2024-11-30","0.00","0.0","37",,,,,,,
"USW00014739","BOSTON LOGAN INTERNATIONAL AIRPORT, MA US","2024-12-01","0.00","0.0","33",,,,,,,
"USW00014739","BOSTON LOGAN INTERNATIONAL AIRPORT, MA US","2024-12-02","0.00","0.0","32",,,,,,,
"USW00014739","BOSTON LOGAN INTERNATIONAL AIRPORT, MA US","2024-12-03","0.00","0.0","32",,,,,,,
"USW00014739","BOSTON LOGAN INTERNATIONAL AIRPORT, MA US","2024-12-04","0.08","0.0","33",,,,,,,
"USW00014739","BOSTON LOGAN INTERNATIONAL AIRPORT, MA US","2024-12-05","0.34","0.0","37",,,,,,,
"USW00014739","BOSTON LOGAN INTERNATIONAL AIRPORT, MA US","2024-12-06","0.00","0.0","33",,,,,,,
"USW00014739","BOSTON LOGAN INTERNATIONAL AIRPORT, MA US","2024-12-07","0.00","0.0","31",,,,,,,
"USW00014739","BOSTON LOGAN INTERNATIONAL AIRPORT, MA US","2024-12-08","0.02","0.3","39",,,,,,,
"USW00014739","BOSTON LOGAN INTERNATIONAL AIRPORT, MA US","2024-12-09","0.35","0.0","43","    1",,,,,,
"USW00014739","BOSTON LOGAN INTERNATIONAL AIRPORT, MA US","2024-12-10","0.06","0.0","37",,,,,,,
"USW00014739","BOSTON LOGAN INTERNATIONAL AIRPORT, MA US","2024-12-11","2.76","0.0","44",,,,,,,
"USW00014739","BOSTON LOGAN INTERNATIONAL AIRPORT, MA US","2024-12-12","0.02","0.0","45",,,,,,,
"USW00014739","BOSTON LOGAN INTERNATIONAL AIRPORT, MA US","2024-12-13","0.00","0.0","31",,,,,,,
"USW00014739","BOSTON LOGAN INTERNATIONAL AIRPORT, MA US","2024-12-14","0.00","0.0","28",,,,,,,
"USW00014739","BOSTON LOGAN INTERNATIONAL AIRPORT, MA US","2024-12-15","0.00","0.0","28",,,,,,,
"USW00014739","BOSTON LOGAN INTERNATIONAL AIRPORT, MA US","2024-12-16","0.00","0.0","37","    1",,,,,,
"USW00014739","BOSTON LOGAN INTERNATIONAL AIRPORT, MA US","2024-12-17","0.17","0.0","52",,,,,,,
"USW00014739","BOSTON LOGAN INTERNATIONAL AIRPORT, MA US","2024-12-18","0.58","0.0","46",,,,,,,
"USW00014739","BOSTON LOGAN INTERNATIONAL AIRPORT, MA US","2024-12-19","0.12","0.0","42",,,,,,,
"USW00014739","BOSTON LOGAN INTERNATIONAL AIRPORT, MA US","2024-12-20","0.51","5.2","33",,,,,,,
"USW00014739","BOSTON LOGAN INTERNATIONAL AIRPORT, MA US","2024-12-21","0.00","0.0","27",,,,,,,
"USW00014739","BOSTON LOGAN INTERNATIONAL AIRPORT, MA US","2024-12-22","0.00","0.0","16",,,,,,,
"USW00014739","BOSTON LOGAN INTERNATIONAL AIRPORT, MA US","2024-12-23","0.00","0.0","16",,,,,,,
"USW00014739","BOSTON LOGAN INTERNATIONAL AIRPORT, MA US","2024-12-24","0.00","0.2","28",,,,,,,
"USW00014739","BOSTON LOGAN INTERNATIONAL AIRPORT, MA US","2024-12-25","0.00","0.0","28",,,,,,,
"USW00014739","BOSTON LOGAN INTERNATIONAL AIRPORT, MA US","2024-12-26","0.00","0.0","31",,,,,,,
"USW00014739","BOSTON LOGAN INTERNATIONAL AIRPORT, MA US","2024-12-27","0.00","0.0","31",,,,,,,
"USW00014739","BOSTON LOGAN INTERNATIONAL AIRPORT, MA US","2024-12-28","0.11","0.0","37",,"    1",,,,,
"USW00014739","BOSTON LOGAN INTERNATIONAL AIRPORT, MA US","2024-12-29","0.01","0.0","44",,"    1",,,,,
"USW00014739","BOSTON LOGAN INTERNATIONAL AIRPORT, MA US","2024-12-30","0.52","0.0","53","    1",,,,,,
"USW00014739","BOSTON LOGAN INTERNATIONAL AIRPORT, MA US","2024-12-31","0.00","0.0","45",,,,,,,
